308,108405
321,100554
306,96563
302,101114
325,95976
314,96010
328,120720
311,97871
320,100343
320,95417
301,120518
300,97312
304,106595
307,121190
304,96270
310,115324
325,121218
298,117887
306,96741
304,101570
320,94676
303,95513
307,120730
323,98082
297,100653
300,95987
312,121182
299,99959
308,99395
301,95336
309,120705
307,117867
304,97783
315,100836
304,96176
316,98448
321,115595
304,109823
301,96560
311,118930
338,118261
294,96877
325,119492
316,117792
304,97124
316,100732
299,96558
319,120523
294,98449
298,99867
294,97129
320,120935
323,100935
299,98270
294,97234
318,120251
304,118654
309,96835
313,119382
295,118073
306,97793
304,100083
304,95038
317,96459
330,119757
310,117893
304,96653
300,119570
301,117871
300,96929
295,119674
298,118062
319,97224
330,100907
306,96742
313,120675
310,98088
356,100635
301,96182
333,121113
341,98570
336,100060
303,96460
305,120625
304,117805
315,95534
298,101851
299,95141
304,95542
311,120542
313,97698
323,100449
309,95541
294,120719
294,97530
314,100529
320,95542
304,120919
298,97778
299,107486
305,121099
304,117417
313,96083
302,109005
338,94782
295,121099
304,97706
295,101420
299,94898
297,121664
305,97501
298,107005
302,90019
305,121199
331,117971
294,97719
309,101219
329,95986
304,96459
298,98553
321,116835
329,100638
313,97688
304,98072
294,119576
309,118437
298,97408
299,119782
331,118554
299,98271
331,118459
304,118631
304,119005
303,97688
326,120060
308,119114
316,97986
303,120236
301,120345
300,103089
320,118088
316,103842
304,98747
306,102147
304,99235
307,121398
304,102803
294,98637
334,97894
308,121005
313,120260
304,98459
319,119476
320,120142
316,80638
304,80647
301,124037
298,119480
304,98934
302,100812
311,98835
311,120721
305,120072
334,98355
314,119394
321,119521
302,123476
302,118560
294,100176
320,120154
295,120292
295,112491
314,89005
316,98646
297,120006
303,120423
299,83005
313,81207
314,97616
320,119970
303,119773
297,120063
322,98730
304,121141
309,120893
314,83759
304,81407
310,80647
303,80747
304,98742
307,101019
320,101417
301,118578
315,111987
310,99699
339,101193
294,82626
336,97439
323,120560
307,119132
299,83207
320,81678
304,81124
321,98277
310,120083
320,120082
299,83396
295,99772
350,117876
320,113082
298,90031
295,110594
300,88731
294,81408
299,80271
299,80167
294,81313
320,97988
316,120424
306,119594
298,83099
317,81042
304,80841
315,98752
295,119327
294,119287
311,123576
330,118261
300,99612
320,100840
301,98476
304,120062
297,102236
304,99063
307,82438
295,80664
299,97689
306,120262
301,119771
336,82813
304,80648
303,98261
298,119856
317,119969
322,124030
336,119017
301,100167
304,101408
294,81594
298,97971
334,121011
295,102611
295,98550
301,82345
336,80826
295,98449
319,119789
322,120062
320,83887
298,129061
330,112476
305,98585
294,101476
301,81966
320,97125
320,83302
307,119584
322,99584
340,100835
295,82072
296,98100
315,121407
294,119114
309,83595
299,119335
304,119125
357,99142
301,100357
304,117988
300,120951
316,117621
305,110241
306,98919
365,101417
297,81035
298,97748
302,121371
315,119114
296,83314
302,81125
311,98292
295,119041
301,120083
308,123771
330,119041
306,99864
320,100935
315,81867
335,97346
321,120835
297,119302
303,82209
304,81397
303,80936
303,97699
330,120763
311,119292
307,117423
336,102052
314,97987
309,120893
295,100742
305,99125
320,81592
322,96836
320,120841
304,100842
295,98742
320,98260
304,120047
304,119005
322,82625
304,98179
304,118742
315,119113
295,119758
301,101584
308,117584
298,121207
294,118824
304,101960
313,97792
298,81155
303,97605
299,119861
305,118287
294,81500
314,97407
338,118918
301,118720
303,82302
329,98083
308,117976
304,119020
303,119584
295,81020
339,99502
327,117637
297,118733
304,82270
295,98371
309,116021
298,118825
304,121773
307,99000
300,100193
309,96772
333,121132
304,118114
310,99330
299,118758
301,118560
327,102082
299,97261
304,81502
295,80005
335,96751
314,120824
302,99208
304,100250
314,97417
313,120261
309,101031
337,98636
317,97312
358,119676
308,117886
306,81980
304,97420
318,119042
300,118560
301,101205
304,97799
326,81031
301,96949
307,120626
301,100342
304,98166
297,81501
298,95450
307,121109
300,99877
310,99531
336,96553
320,120653
326,118180
341,82168
300,97217
300,120544
336,118271
327,101019
306,97894
304,80934
304,96945
302,120628
317,100343
330,98073
320,97881
320,120094
302,118542
320,81208
295,97436
370,119125
302,118177
301,82062
304,97125
324,119523
303,117688
304,100260
304,98376
319,80085
303,95893
299,120624
308,98083
301,101207
301,95908
354,121585
302,98261
304,109824
300,89193
304,119491
294,117407
310,97606
335,119773
304,118083
307,100531
303,98280
294,80173
303,96669
319,120835
308,99611
305,99323
336,96936
349,120282
294,117511
313,81493
297,96470
325,119395
333,117690
314,99689
318,117877
304,118741
307,110584
297,96935
304,110772
310,87835
298,100637
304,115970
307,112183
311,88219
306,120346
298,97523
299,108771
311,87929
303,128037
300,110031
319,96381
323,120249
329,117971
303,97699
303,100918
304,95236
311,81430
325,78742
298,79041
318,95918
304,120618
319,98354
321,99304
307,94669
312,120809
336,97698
304,115617
325,120910
325,117771
327,97882
294,119032
298,117980
295,99584
305,98465
297,96382
307,119476
314,98199
332,80274
319,96741
303,100718
305,95532
297,120063
299,98680
304,116277
311,119945
322,117517
317,98475
309,118072
296,117887
294,99595
306,117343
299,117531
310,118646
320,120531
308,117511
306,98938
299,98731
294,96605
316,119857
295,98865
323,116266
299,120366
301,117408
330,99230
304,117966
321,118249
294,100814
304,116544
303,117991
305,118106
334,120344
310,117207
308,100083
304,98569
306,96741
304,119585
317,117439
304,98355
299,118287
304,117585
336,99898
318,117208
304,118730
299,118260
302,120636
336,117982
304,100261
326,117772
305,118355
299,118155
301,101193
320,117489
319,118539
325,120635
305,99417
306,98943
338,96929
304,120665
302,117782
307,99031
321,119480
304,118156
307,101757
298,97606
303,99983
319,118372
309,118624
303,100907
301,96940
299,120612
305,99022
308,99876
297,96288
347,120249
300,118083
299,99141
304,119398
320,117773
304,100167
317,117521
303,118166
299,119115
321,120636
301,118251
323,118918
296,81596
309,97594
304,118532
304,118448
316,100459
304,116919
314,119048
297,121382
303,117698
304,98459
304,119131
311,118635
304,100466
304,116926
326,119031
295,119038
304,82104
303,98073
302,117873
300,119106
315,121193
314,99407
326,117036
294,120616
309,118099
315,99969
314,118553
301,118343
319,119569
309,120157
320,118731
300,118553
294,100638
315,117605
304,118930
316,121287
297,99223
307,100366
295,96741
301,121092
301,118654
303,100261
297,119218
320,119950
305,122517
301,118255
304,99706
318,120052
333,119388
300,119031
295,101570
294,117779
305,119570
318,120731
323,118448
298,81502
332,97407
317,119193
304,119302
295,101030
309,117876
295,119382
304,120987
322,118846
309,99704
311,118530
316,118542
309,119209
338,102156
304,97719
304,120518
323,118089
304,100437
304,118167
295,119583
307,121654
350,118436
295,98836
302,120004
296,119036
294,101005
304,98842
344,100005
299,118564
314,119209
309,102156
298,97135
298,120986
314,99877
319,97048
307,120636
305,118063
431,116077
416,101575
429,98850
417,117698
394,119667
400,118533
425,100259
411,118250
397,119255
397,121584
441,117887
400,98594
405,119762
398,118114
394,100072
400,118729
393,118823
407,119312
398,119625
393,118248
422,119287
400,97594
431,118454
397,118354
403,100740
400,117218
395,119386
395,121005
427,117876
406,99206
394,119688
399,118661
399,119861
401,121005
433,119031
400,119193
399,98354
396,118549
392,118929
395,101779
399,117207
401,119757
400,120893
403,118448
394,100156
413,118637
400,118852
410,101489
426,98372
394,119113
432,119021
422,119322
400,81300
403,97689
400,118757
400,119287
394,120799
397,99423
395,117396
393,120542
407,118553
430,100719
429,117678
406,119207
407,101664
412,98679
396,119193
410,119193
392,119292
399,101124
400,118060
438,119705
397,121193
394,118626
407,100072
412,119302
406,118813
400,121960
400,99698
401,117355
394,120517
400,118270
401,118611
426,119424
398,120720
393,118365
406,118282
410,98082
400,119698
398,119005
394,101416
401,117206
394,119678
448,121281
401,117510
413,99124
400,119130
407,119005
393,119210
426,119799
423,120731
400,118260
396,119261
401,81958
399,97934
400,119193
397,119406
400,100543
397,117125
394,119124
409,121584
403,117448
396,98732
407,119114
396,118584
421,100835
409,116917
398,118905
419,119386
400,119396
407,118073
400,119019
414,100748
414,117155
415,119072
405,121193
416,99335
421,116072
393,120491
416,117705
400,99435
395,117511
394,118093
393,118730
399,120542
401,117741
428,117771
400,98824
411,118741
402,118365
400,99511
398,117407
425,118205
400,121396
396,98095
405,116935
395,120935
411,117881
398,99061
401,118825
418,118261
417,118647
393,118553
423,121381
403,117312
396,118934
395,97249
403,119099
407,118537
398,99772
400,117437
409,118154
409,118836
423,119729
403,117958
412,100060
419,117803
401,118448
408,117969
423,116468
445,99677
417,98647
423,98465
397,116747
415,120111
400,117980
394,99404
412,118304
422,117637
418,118072
414,118917
395,120894
416,117747
428,98753
402,118155
405,118475
404,117291
407,118082
393,118654
410,118249
412,119819
417,117970
405,117970
396,118664
394,118082
393,100157
421,98553
431,118371
396,117501
395,116834
411,118562
432,118027
409,118437
400,119416
394,117595
396,117301
426,118177
394,118698
436,118534
400,119063
398,118197
419,118531
401,118871
400,120354
409,117698
407,99241
432,118617
404,118355
411,119136
423,119047
401,100750
403,117397
402,118747
413,119152
413,120149
405,119124
432,119042
399,118857
406,119223
432,120270
412,117805
405,118468
400,118813
394,120892
429,118385
393,117292
395,118437
406,119218
410,100834
396,117605
396,99501
394,117416
393,99423
400,117500
403,117887
395,118176
393,120614
427,117606
400,98223
399,118626
404,117689
415,117957
427,118466
402,118166
413,119683
395,119036
438,119130
405,120424
398,117595
400,98841
400,118218
393,118344
410,118458
399,100438
397,97709
407,118742
413,118161
400,118812
416,118438
396,100072
413,98559
400,118584
400,117907
400,99698
400,117688
400,118354
395,119223
400,120905
416,118772
406,119005
399,119219
400,119987
431,118824
401,119005
397,119245
392,120356
393,118365
405,119020
425,120893
397,118530
430,118737
434,100646
414,119113
439,119407
394,120450
400,117772
444,99792
407,118939
402,119010
400,118906
407,120935
419,118918
446,119970
415,121099
425,119155
407,119886
400,122061
406,118541
400,118350
414,119038
395,119782
400,120741
400,118626
400,100082
416,118845
400,119099
401,119475
411,119219
400,120443
425,118718
398,119781
404,120344
397,118270
395,118365
432,118924
402,120812
393,118448