401,100541
432,118371
430,80918
405,99394
404,117125
407,120647
406,79970
426,77037
422,79887
411,61030
411,79141
407,81021
420,119125
416,71281
436,68335
405,97720
447,119424
404,80181
402,79876
403,127972
403,73450
418,79036
403,80072
405,124530
410,75730
431,79406
403,116280
410,100690
419,119313
416,81522
435,117206
420,80183
428,80866
402,99250
405,98920
408,79881
402,80099
419,100082
401,97799
402,80292
401,99019
401,118251
410,121183
412,80312
415,78961
419,101031
403,98747
402,80276
419,78943
401,116595
406,81887
402,79920
401,99970
426,96980
413,80764
409,79617
411,117047
427,80082
419,80291
427,78971
457,117491
419,80193
405,80207
413,79929
426,117338
401,80302
406,79917
403,79730
415,116459
406,81019
407,80924
419,100678
421,96497
405,79793
403,81490
423,118730
403,79047
463,79423
403,100543
411,99147
416,80272
404,78866
402,127448
431,92042
418,118945
414,81611
432,117710
414,82842
414,80188
414,118945
401,80211
403,80762
415,80313
407,116656
416,80930
410,99260
404,118980
423,121877
415,79615
409,79501
405,116542
406,83475
403,79815
484,60193
414,97887
446,119617
420,81806
562,100842
411,98481
410,81513
406,121030
574,77814
432,80481
417,101048
439,100465
421,79893
415,80124
428,127277
422,92898
407,119159
405,82491
407,117952
409,82657
401,80560
413,117719
425,81334
413,99611
424,118476
432,120918
410,81345
404,79840
409,117167
411,83039
411,80382
410,117419
402,80647
410,80847
407,79612
421,116787
415,81329
402,99322
401,117824
405,119876
420,80113
406,81232
437,99732
410,98281
410,79980
419,99148
409,118962
427,121492
402,79521
432,79345
420,116800
413,83124
402,80468
432,118215
423,80011
417,80769
412,79638
405,117371
416,80176
403,80107
409,79824
401,117064
410,80678
406,80365
423,98857
414,97511
411,79898
413,79987
401,125292
418,72706
405,78490
528,79527
411,124260
409,73559
413,78491
401,79439
455,79542
412,115627
401,80398
406,80303
411,123041
406,74605
410,78584
427,99876
496,117396
447,119826
428,80840
414,79815
402,127063
406,73647
438,78690
464,78970
407,125281
433,74037
405,79416
406,117042
432,101291
417,119178
407,100584
422,101053
431,78867
429,80679
416,99500
427,98460
418,79970
404,99612
496,108459
496,71371
415,78490
423,100502
459,117300
413,119896
413,81584
474,79510
464,108397
511,89653
411,81256
416,118069
410,81813
416,80878
414,123757
434,74586
410,78553
406,99062
403,118277
432,119259
419,80559
405,79907
425,119611
403,78945
429,79336
415,98569
405,117698
425,122176
409,78741
422,79344
401,100168
433,100270
411,79061
407,79688
421,116936
405,82554
423,79877
448,118378
421,79611
464,80095
418,79988
448,117721
427,80836
436,80303
470,80371
422,115281
414,80553
432,98753
448,117910
422,120918
422,79038
417,79062
405,100491
431,99558
432,78502
410,78092
415,100372
435,98942
406,79124
403,79061
403,100914
414,98489
429,79517
442,79553
407,126730
402,91074
406,118166
415,81323
432,116751
405,100542
421,119030
411,81448
422,117783
419,79334
462,79709
413,79688
405,116970
416,79815
417,80187
421,80005
416,117510
417,79698
411,78774
405,101607
412,98647
423,118365
433,137345
416,79705
531,121043
421,98011
406,119518
402,99782
411,117227
411,120062
408,78652
426,80737
401,138804
419,80020
412,117677
432,80005
543,80733
425,119864
401,77841
446,78758
511,81330
402,118099
402,77835
430,78961
410,81638
420,118209
410,78377
402,78218
403,100184
413,101146
418,77813
405,78784
408,80857
407,118129
407,78753
404,78292
417,79795
403,118570
431,78304
409,77835
407,99719
429,100437
443,76955
423,78553
405,99776
421,99960
401,77893
423,78647
405,100176
422,99771
415,78125
407,78771
435,100623
405,99113
406,79152
432,79451
426,119999
448,79784
415,78929
405,79612
405,126875
404,91840
432,118459
416,80748
428,117301
401,82659
439,79694
420,79783
426,116762
407,81783
401,80567
419,118099
426,81020
403,80448
403,80257
432,117511
404,80919
441,80653
406,123313
407,74489
417,78459
405,99919
428,117147
432,120530
403,79502
435,60272
420,96277
418,119105
416,81031
437,79501
448,116256
423,82154
406,80261
405,79500
403,109438
401,87554
430,80166
406,80663
413,108333
413,87653
411,79782
445,117491
401,79417
434,79886
415,79313
445,116542
415,79984
407,80015
417,79134
425,117131
410,80260
421,80074
405,78679
427,116841
416,78847
404,79225
410,79514
402,117123
414,78747
403,79605
425,78374
421,78019
403,115417
403,81678
405,78048
411,77930
403,99782
444,99303
417,77330
415,77612
418,99115
429,116193
431,120061
419,79709
403,77698
426,99605
427,98678
415,77052
415,77698
401,98917
439,116917
432,119491
438,78465
403,77604
402,99224
402,101219
402,77229
407,78082
406,99514
431,116824
404,118918
405,78939
405,79799
416,97459
433,116372
413,118532
432,79417
418,79344
425,78099
434,117423
419,78365
403,78972
416,97647
401,116541
402,81314
408,107450
401,86892
407,79534
407,98470
426,95323
428,80082
410,78459
404,77986
417,115240
418,83019
401,77521
403,77699
428,99886
405,99502
411,76397
406,78177
403,99771
416,116372
403,119502
401,78464
402,77886
407,99491
410,98935
403,77134
407,77980
414,99312
426,115970
413,119575
406,77698
402,77896
411,99072
401,106329
419,70970
461,78082
409,80073
406,118835
417,77530
410,78468
401,79125
418,78934
402,115605
409,79813
403,78866
407,78182
401,99698
413,95436
417,79792
432,78678
410,78031
405,115104
439,81794
401,78193
437,78005
401,99604
417,98657
431,76851
417,77805
410,98658
435,116747
401,119301
411,77792
413,77824
429,99019
407,116664
437,119011
425,78178
408,79647
401,97029
460,108031
432,69176
409,96840
406,118450
417,79047
462,77898
409,115131
410,99772
415,119005
448,78945
413,78217
402,116209
408,83706
427,76277
422,77799
422,99219
455,116594
401,119475
405,78030
405,78280
415,98928
407,102261
402,73906
415,77825
402,79896
402,118783
432,76089
411,80072
411,79501
403,118250
402,78021
413,78459
471,78083
414,78771
417,116772
472,77511
415,79416
403,78009
441,77721
416,115429
411,81542
405,76792
413,77791
406,99224
403,103951
461,71841
415,78747
409,99030
402,116835
432,120570
403,77333
432,77612
409,99031
401,116954
401,119773
416,78183
411,77980
412,98960
417,105366
409,71553
418,77329
416,79038
404,78559
433,115532
427,79417
415,78506
403,78176
432,117131
402,79604
407,78657
419,79130
404,78929
431,115970
401,81021
422,79408
406,78114
413,115781
422,81783
415,78836
402,78381
401,115875
461,82249
401,79252
432,78887
404,115532
416,82638
418,78669
407,78013
413,115627
444,82647
407,77980
414,78219
413,100156
402,99038
409,77919
401,78698
407,99980
401,99612
443,77330
409,78115
449,81424
423,118166
413,77815
418,78501
421,99618
404,107086
406,90261
413,109594
402,68510
403,97036
403,119584
402,79886
411,60365
417,96276
448,118939
422,79969
415,79218
401,116664
420,82155
410,79980
403,78929
416,80260
413,117113
418,80824
401,79323
457,109256
403,87834
423,79980
474,59521
412,79612
411,78091
423,78835
432,117031
406,82824
415,79043
427,79218
419,116541
432,82249
462,79510
412,79036
407,116087
407,82158
411,79782
414,79041
421,116489
402,81397
437,79157
500,60276
402,95886
415,118918
417,80835
411,79501
403,116082
402,81406
411,79615
414,99330
403,96270
416,80260
419,79970
431,79521
402,108517
417,88499
458,79887
426,117865
405,80835
402,80071
401,79511
431,116935
421,81218
424,80653
411,79689
434,115990
414,80741
415,80354
560,118553
409,77604
421,78842
407,80270
414,123099
403,73929
450,79036
402,81040
402,122510
419,74605
404,78365
402,99052
405,105945
402,72773
411,78176
414,99876
407,117323
435,119522
407,79036
402,78842
405,81020
446,118083
415,78648
401,78372
402,99698
424,99135
404,78595
433,78460
429,80396
410,117710
402,78941
401,60980
423,97052
413,119573
416,79517
431,79031
401,80261
441,118072
405,80073
437,79604
405,127166
410,72979
412,79417
402,78701
402,125322
403,73260
406,78559
411,79532
402,124372
403,73265
410,78741
402,79323
402,124052
411,74099
403,78930
412,80166
401,124406
401,74020
404,78183
422,80270
407,107161
420,88689
407,79698
409,117313
406,79783
415,79334
423,78082
418,80470
402,107005
406,89072
423,79783
403,80459
410,106886
405,88407
432,79594
422,58663
425,79424
415,78459
406,78303
405,115980
401,82155
431,79605
406,78365
417,116167
419,82063
420,79698
413,79054
426,116763
405,81501
421,79605
407,99314
419,96655
491,79407
402,80176
411,99981
411,96856
403,80167
405,79155
422,80741
406,109104
413,87596
418,79980
425,117783
439,79812
410,79887
406,79036
429,117594
421,79407
442,79313
402,78654
481,117130
447,79324
410,79135
413,79501
413,117270
420,78570
403,79595
419,79323
402,99030
432,96934
413,80465
429,79594
418,99595
432,96481
401,80365
414,79125
413,117510
431,79792
443,79784
403,79218
423,117522
417,79799
410,79969
410,79344
437,116554
407,80176
401,79971
424,79698
411,116934
418,80823
427,80287
406,79313
421,115929
417,80929
401,80636
432,79322
413,115971
409,80861
409,80763
410,122354
421,74570
403,78302
405,99217
406,80005
405,61070
416,97219
405,80835
405,79236
427,91073
432,80933
411,80449
410,79823
413,81980
401,79792
439,80219
416,87835
426,80465
416,80281
416,79314
409,78661
426,80183
423,80382
474,79031
410,79887
405,80287
415,78938
416,81125
406,80448
421,79325
407,80459
411,79876
405,79329
410,80552
405,79612
542,78465
414,78939
411,80459
440,78678
423,80941
410,81147
406,80072
462,80635
402,81323
415,80005
414,74020
403,78646
407,80460
416,74960
405,78773
402,68322
425,67470
416,83031
406,73934
401,62176
406,69176
410,87104
461,70522
410,67475
414,80741
418,76782
463,61218
403,83382
403,73269
419,61690
415,85653
424,70416
406,77344
409,59511
464,79886
419,69082
418,68251
411,85045
414,71448
414,67967
422,88224
436,62365
403,67851
403,86544
407,78852
429,60088
407,65219
402,83223
406,69176
405,67088
407,88604
442,71459
401,66251
404,80823
410,77061
427,60663
413,83293
411,72500
411,61689
403,74945
421,80566
409,78082
427,60458
439,80082
410,76846
416,61427
405,83584
403,72395
414,64647
414,83688
404,69365
480,65971
404,70131
420,81793
417,75533
409,61502
404,84894
414,71362
407,78094
453,79980
419,61689
418,76850
404,60365
420,80741
411,76668
416,61261
416,83687
411,73261
432,62939
405,85866
608,81112
603,60866
610,79875
599,78742
631,60667
557,80182
561,80082
551,79152
549,80030
557,98375
559,96176
554,61605
560,96365
571,77037
553,77719
589,80166
557,78604
560,79969
554,78459
553,59907
560,95813
556,77614
576,77893
560,80552
552,78935
549,90179