479,118407
479,117877
497,118750
481,117438
485,118375
483,117909
485,118962
486,118952
472,119125
473,118934
474,118469
403,118772
425,118844
482,118386
476,117847
486,118757
470,108271
478,108575
470,108466
480,108569
473,109147
472,109413
473,108407
484,117048
418,99746
472,100020
480,117835
471,118110
471,116647
486,118481
485,117511
436,115814
468,116792
470,117439
470,116792
473,118105
484,118060
472,118248
477,119335
410,117970
468,118647
483,118176
474,116669
471,118531
470,116287
472,117423
469,118125
488,100323
472,116741
411,117207
477,117584
492,117876
405,117604
406,118907
473,118763
487,117698
472,118407
407,118625
479,118183
472,118757
488,118482
473,117813
479,118530
490,117489
471,117510
485,117970
491,117792
496,118376
497,117397
497,117540
484,117137
472,119086
445,119559
481,118594
469,100095
490,118605
472,118689
472,100637
493,118048
414,118980
476,100841
487,99146
478,118005
470,100585
476,117145
472,119260
485,119236
479,100063
478,117549
469,118862
468,118187
485,117720
487,117522
479,117523
412,100010
455,118365
428,138469
425,118502
425,116980
430,100857
425,117784
451,100386
445,118584
421,118866
411,119235
422,120010
414,119459
423,119125
414,119706
438,119334
449,118857
474,119438
413,118584
421,100176
414,118544
411,118834
419,119322
417,118565
431,118934
411,118436
419,118857
432,119152
419,119030
414,118970
430,118757
432,118823
437,119287
412,117699
411,100273
428,117678
415,119113
421,100292
412,118142
429,119490
413,118718
414,100250
432,119218
414,119486
421,119270
432,118834
412,99061
428,100193
438,119238
430,100273
432,118278
426,99966
417,100082
423,119141
426,119594
413,118731
455,118794
413,120062
415,119010
422,119270
417,118779
417,119381
470,118276
432,120223
413,119397
511,119778
416,119625
415,119141
422,120329
441,117594
411,101435
417,119052
418,100844
423,100685
413,118491
411,100575
413,100095
421,118867
421,120104
417,100563
411,118841
411,100945
453,118272
426,100365
418,119113
414,101040
437,119663
413,100531
421,119318
425,119475
425,100091
528,100381
427,119893
420,100834
576,119676
426,100199
433,101010
417,100260
411,100465
421,100021
417,100586
415,99865
432,100652
418,99825
417,100366
445,99606
422,100155
412,100301
423,118877
413,100370
429,99709
442,99718
422,98865
511,100382
430,100183
411,100322
415,119773
419,120270
422,119835
416,120397
430,119490
411,119604
413,119866
453,120382
447,120270
416,119956
444,119814
427,120656
422,119611
411,120388
416,119701
415,119980
434,120595
419,119125
415,121125
432,120490
432,119702
423,119709
414,100933
528,118847
444,100763
421,118830
413,119166
421,101261
415,99542
447,118888
411,119019
430,100301
412,118407
425,119322
435,99698
418,119439
465,100193
414,100473
418,99395
431,99047
419,101124
437,118815
414,100469
435,100009
432,99490
419,100067
432,100480
433,99439
432,100626
412,99488
432,99611
415,118757
423,100005
575,99529
433,99239
411,99688
411,100099
422,99897
418,99971
426,101113
413,100082
431,120005
441,119406
415,119604
432,119135
433,119569
415,118742
431,119663
416,100061
420,118502
463,100531
458,98553
432,118698
419,119510
421,119345
411,119193
467,120407
411,100558
411,99792
423,100542
426,100197
417,100270
423,100259
413,101326
421,118530
445,119999
414,100891
412,100095
418,119793
432,100773
411,100281
553,100313
418,118544
428,119647
427,100637
482,99625
419,119125
414,119718
413,100439
415,118700
423,100465
465,99313
448,118249
591,100114
538,99395
418,118500
428,99903
423,99252
411,100166
415,99877
413,120047
414,119970
458,99960
423,119678
434,119491
432,119301
437,119322
427,119061
413,119710
417,119475
431,119511
416,119312
413,100105
415,99970
434,118372
415,100652
412,99745
419,118935
432,119866
411,101030
426,100365
449,99626
423,118646
419,119698
421,100731
422,100344
469,98565
414,101302
432,118678
421,119987
413,101114
413,101476
464,117699
414,101688
414,118249
423,101218
416,100657
425,99130
432,101005
416,100094
432,100565
411,99513
418,100154
419,100365
421,100917
417,100304
443,99886
432,100086
581,99647
432,99969
411,118918
455,119423
415,119489
421,118841
415,119714
434,119365
432,99699
484,99688
429,118845
432,119176
415,119918
420,100553
502,117206
424,102176
412,119322
433,100182
419,100626
433,118907
415,100719
431,118836
418,100720
415,100078
417,118636
415,100250
415,118917
413,101030
418,118176
435,119876
411,118957
413,100544
445,118823
414,118919
414,100177
420,100851
411,118437
418,118814
419,100261
416,119329
418,100721
415,118416
432,98825
421,100637
429,99224
452,100088
413,99719
416,99157
415,118553
415,99918
418,100544
417,99208
496,100843
416,100447
444,100016
432,100542
435,99959
414,100626
418,98841
421,100918
421,99771
426,119982
414,159866
423,119476
442,98543
415,121380
432,158980
411,99866
412,99300
434,118731
432,118625
415,119859
477,199270
460,119624
418,139193
413,99020
432,99396
420,120438
419,118840
414,139756
477,140130
416,199813
418,118926
418,99532
433,99206
442,119885
421,139579
413,119814
419,139887
412,119731
413,119302
444,119193
421,120438
412,119192
413,120357
421,119604
422,100729
411,98459
417,119866
415,120553
511,119142
427,140834
496,119099
437,120730
427,120892
417,120342
415,119448
416,199773
469,120530
528,179447
430,140038
416,160510
447,119156
414,140700
416,119920
446,101291
417,119156
418,140659
448,100476
558,118653
420,120517
480,120638
411,120248
419,100750
433,119851
423,120436
418,139851
418,119851
413,140129
415,159553
416,139235
429,139748
511,118559
418,140131
417,139987
417,139962
411,120166
411,139936
414,120517
419,118223
413,139653
418,119156
414,139944
457,160273
427,138800
413,119035
461,99417
418,119005
414,119876
416,119593
431,139104
539,140517
415,118464
490,179636
420,159183
411,120156
432,119406
432,179688
415,119663
418,120061
426,119705
481,99971
469,101125
425,119214
416,120552
420,119782
447,99886
413,119005
416,139971
415,119681
423,119663
431,119030
420,140147
413,139053
575,119615
542,159584
413,138893
413,119763
413,159176
430,119757
417,118907
427,140037
415,117395
449,120365
414,119219
413,159554
412,119946
419,139372
430,138656
425,119207
412,119774
411,159569
411,118648
434,99330
413,139047
465,138893
416,140138
432,119036
534,120365
432,138287
485,100355
502,118558
429,158813
414,119679
449,139747
421,139005
414,160030
413,159371
419,219166
507,140060
412,119300
415,119475
418,118719
413,119851
416,119197
419,139855
411,119301
413,139114
496,119287
418,118730
420,119124
427,119490
422,118440
416,118575
464,118260
416,120250
426,119986
454,140746
413,117983
418,119706
418,118193
413,101396
411,118929
437,100824
411,118531
415,119115
414,119866
411,100250
421,119944
430,119951
420,119771
414,139748
451,120281
422,118370
416,139396
411,119099
427,160021
418,119792
432,99889
416,139559
414,119633
418,119771
413,119125
411,120866
437,119951
417,120060
417,120063
413,121242
414,119019
422,121125
415,119031
418,120082
413,119782
417,120343
481,118636
412,119855
416,119794
415,119131
413,120841
421,118946
412,119883
418,119944
442,119764
432,119877
417,159938
422,119856
411,119678
430,138740
435,181669
414,120166
421,120626
413,100248
413,100866
430,100204
415,100747
418,120015
430,120167
411,120718
413,139475
417,99595
432,119112
582,180437
412,178929
494,118946
434,119327
497,99980
459,118652
416,120176
411,119167
418,141182
428,120355
423,99510
416,99448
421,119792
427,120459
417,139960
413,160224
412,120558
421,120277
413,140154
415,119945
432,140440
414,119894
427,140036
426,160438
425,139799
435,120553
422,120072
434,139980
417,120155
459,119416
423,120893
411,139746
422,160499
577,119287
418,119020
415,120343
432,119569
419,120436
415,119217
415,120436
416,119705
415,119770
415,120235
411,120709
423,120089
419,120459
413,120260
451,100354
413,119783
416,120141
412,139945
413,120451
412,119382
544,119492
425,119489
449,119792
417,119229
414,140929
427,119975
432,120154
421,120533
413,119677
419,119770
411,140154
418,120731
412,100541
416,100071
415,100813
422,119688
543,100730
413,119475
414,100287
421,99917
463,100475
413,99887
416,119851
437,120581
415,119277
475,101488
414,118466
415,101193
437,118542
413,101249
417,119615
412,101020
418,100835
423,100851
448,118624
418,101021
416,100375
453,99489
421,100636
471,99166
414,101099
419,100465
452,100060
431,100354
433,100020
414,100193
418,101020
438,119020
511,100855
447,100185
425,100689
431,99970
441,100062
430,100093
427,100292
418,100731
427,100553
422,119893
437,101705
435,100354
424,99510
417,100343
455,99772
411,100153
432,100574
445,99959
426,100771
443,99894
415,100030
430,100595
413,99986
417,100647
432,100283
420,99813
416,100471
459,100104
413,100382
425,100082
466,100542
426,100005
439,100152
448,99867
449,100179
422,100365
443,99054
411,100071
431,100448
432,100099
418,100542
422,100365
503,98740
429,118292
426,100438
423,99499
425,100113
448,100447
416,99929
453,100072
413,100449
417,99235
447,100553
416,100907
432,99496
416,119241
414,100876
412,99888
431,100471
417,99987
426,100083
426,100844
497,98306
464,100071
479,121564
467,101709
458,100772
458,100407
459,100093
464,101510
511,99500
461,120074
458,120280
464,160376
573,140475
522,179653
458,120333
464,179278
454,120193
464,159741
464,199512
576,119663
562,119009
464,140276
482,198330
511,118689
460,120371
595,139302
466,198857
474,139490
458,140586
458,138313
473,162282
633,199886
484,179804
455,139799
481,119532
534,99438
503,137635
542,159035
541,180651
511,177153
479,140510
473,180771
484,118030
496,177423
538,179270
478,118370
466,137689
470,120036
467,158001
462,159224
464,119113
454,118741
509,179730
556,119614
477,158403
497,138181
455,139125
464,120223
489,179183
454,159929
460,178082
478,178286
411,137704
468,178855
496,139396
455,118719
434,120365
432,138287
485,100355
419,107352
432,100063
403,100093
418,102059
400,100813
423,119297
416,100261
415,101476
402,99876
404,100061
470,100448
414,99864
417,100154
415,100625
425,100345
406,99678
416,100260
415,98741
400,100720
432,100812
410,100082
411,99507
416,100255
412,98072
431,100542
411,100250
422,101416
413,99688
411,100061
448,100635
420,99876
429,100365
401,99792
401,100448
423,100072
420,100747
414,100532
402,100542
409,99868
432,100344
409,100062
415,117877
402,102437
418,101040
405,103116
445,115342
425,119700
402,101663
454,101324
417,116419
431,102329
403,104042
412,113928
415,119677
402,101595
403,101005
410,117490
406,101892
416,118301
458,101397
416,101036
480,107835
407,100183
417,100906
405,100460
416,99688
407,100095
401,100935
412,100826
427,100824
432,100061
405,99260
423,100717
438,100459
403,99960
406,100459
402,100178
410,101042
434,100946
400,100941
483,100155
405,100949
411,100260
403,100541
401,99638
410,100064
404,100747
414,100086
416,101048
415,100648
407,100219
406,100677
401,102824
457,100941
402,100365
432,100475
416,100176
405,101131
411,101193
400,101865
429,117772
410,101771
450,101218
437,118260
405,102517
402,118198
407,101689
405,101022
416,118365